"","Date","^GSPC","AAPL","MSFT","NVDA","TSM","ASML","AVGO","GOOGL","META","DIS","TMUS","VZ","CMCSA","AMZN","TSLA","HD","BABA","MCD","TM","WMT","PG","KO","PEP","COST","FMX","BHP","LIN","RIO","VALE","APD","SCCO"
"1","2015-01-01",1994.98999,26.325043,35.172436,4.610794,17.671135,95.625427,80.697098,26.877501,75.910004,84.775932,30.18,30.657568,22.349468,17.7265,13.573333,86.434013,89.080002,74.651268,121.128876,71.187286,66.455727,31.602783,73.926292,119.869949,72.577324,28.139891,102.231621,22.918409,4.486103,110.589958,20.542002
"2","2015-02-01",2104.5,28.864073,38.17601,5.29761,19.087317,99.066238,100.102669,28.1315,78.970001,97.003967,33.029999,33.558342,25.06752,19.007999,13.556,94.98468,85.120003,79.868172,127.258163,70.307693,67.59539,33.237816,78.025421,123.198013,82.73954,31.899574,108.42878,25.618969,4.734976,118.587433,22.416988
"3","2015-03-01",2067.889893,28.068905,35.6507,5.045598,18.270285,92.948204,99.600662,27.735001,82.220001,97.758896,31.690001,33.001873,23.83905,18.605,12.584667,94.041054,83.239998,79.372925,131.507309,68.900368,65.062447,31.126865,75.376747,131.526596,81.210861,28.224928,102.358772,21.50061,3.605474,114.896271,22.04804
"4","2015-04-01",2085.51001,28.231321,42.647568,5.351758,19.017281,98.47744,91.949051,27.438499,78.769997,101.328499,34.040001,34.230186,24.493088,21.089001,15.07,89.008705,81.290001,78.647949,132.553024,65.774803,63.13295,31.392893,75.485054,124.19059,78.596481,31.988445,103.943535,23.853428,4.900892,109.514977,24.617035
"5","2015-05-01",2107.389893,29.388544,41.086864,5.334882,18.89278,104.093376,116.48616,27.266001,79.190002,102.866325,38.880001,33.930309,24.789921,21.4615,16.719999,92.702843,89.32,78.142914,131.475601,62.589272,62.744301,31.70248,76.524643,124.130013,77.215469,27.834751,104.736366,23.310213,4.151653,112.057594,22.682732
"6","2015-06-01",2063.110107,28.412666,38.962311,4.870361,17.671135,96.520416,104.575523,27.002001,85.769997,106.380005,38.77,31.988119,25.502323,21.7045,17.884001,92.461548,82.269997,78.115364,127.528183,60.151836,62.624252,30.363485,74.072502,117.574791,78.000473,25.389929,101.914635,21.946857,3.881465,104.475586,22.290518
"7","2015-07-01",2103.840088,27.477137,41.212681,4.831611,17.751141,91.922882,98.725304,32.875,94.010002,111.841606,40.66,32.111649,26.573341,26.807501,17.743334,97.887619,78.339996,82.05114,127.251671,61.042274,61.39159,32.057667,77.02491,126.48909,79.357544,23.930527,97.873756,20.567524,3.466301,109.436432,21.115734
"8","2015-08-01",1972.180054,25.542637,38.406338,5.444341,15.960773,84.368469,99.380096,32.390999,89.43,95.505775,39.610001,31.948223,23.984568,25.644501,16.604,97.410851,66.120003,78.074287,112.873161,54.893936,57.028286,30.684221,74.290886,121.918785,77.947945,22.97006,90.679428,19.555662,3.262013,107.148033,20.206232
"9","2015-09-01",1920.030029,25.098486,39.316948,5.995003,16.659256,81.550621,98.622734,31.918501,89.900002,95.805748,39.810001,30.212276,24.21875,25.5945,16.559999,96.599518,58.970001,81.671585,111.824333,55.362686,58.053139,31.308517,75.386108,126.1996,78.140564,19.720699,87.343796,18.504911,2.767769,97.971367,20.32259
"10","2015-10-01",2079.360107,27.191925,46.761044,6.899726,17.630711,86.009125,97.444138,36.869499,101.970001,106.623734,37.889999,32.552319,26.66276,31.295,13.795333,103.943016,83.830002,93.044106,118.544403,48.873543,61.63607,33.335075,82.327271,138.027832,86.755714,21.263533,95.924614,19.976765,2.873208,107.420395,21.113586
"11","2015-11-01",2080.409912,26.918869,48.280083,7.714463,18.272993,85.944252,103.237122,38.142502,104.239998,106.370636,35.5,31.96933,26.024179,33.240002,15.350667,112.551712,84.080002,94.627312,120.284569,50.239677,60.936146,33.547592,80.691879,140.908493,84.383034,17.248741,97.401207,18.100012,2.26474,105.804955,19.56962
"12","2015-12-01",2043.939941,24.054173,49.616066,8.046475,18.264969,82.282883,114.870575,38.900501,104.660004,98.505577,39.119999,32.510937,24.129873,33.794498,16.000668,111.181381,81.269997,98.694122,118.950439,52.340126,64.65715,34.074547,80.498489,141.342682,81.407585,16.653955,88.420959,15.933262,2.210979,100.564568,19.895067
"13","2016-01-01",1940.23999,22.244284,49.267296,7.150525,17.943829,85.12854,106.143089,38.067501,112.209999,90.400726,40.150002,35.148682,23.821999,29.35,12.746667,106.193268,67.029999,103.405792,116.040489,57.13512,66.513565,34.042816,80.559395,132.25827,83.584923,14.164915,86.911667,13.487461,1.646473,98.535835,19.742727
"14","2016-02-01",1932.22998,22.095745,45.502262,7.655871,18.907259,84.368469,106.349457,35.861,106.919998,90.117699,37.099998,36.12215,24.795614,27.625999,12.795333,104.808434,68.809998,97.90052,100.639961,57.117893,65.943443,34.209385,79.358719,131.304291,82.500664,14.617466,88.467377,14.280847,1.975768,103.015083,18.234606
"15","2016-03-01",2059.73999,25.041704,49.747116,8.729988,21.034822,93.053726,122.646782,38.145,114.099998,93.693336,38.299999,38.507515,26.234476,29.681999,15.318,112.669922,79.029999,105.788437,102.786171,58.969013,67.602509,36.79512,83.139267,138.285873,84.898376,16.744465,99.47039,16.084791,2.829246,112.020248,21.13139
"16","2016-04-01",2065.300049,21.537846,44.919231,8.705486,18.939371,89.540688,116.083885,35.394001,117.580002,97.419952,39.279999,36.271683,26.097029,32.9795,16.050667,113.680061,76.940002,106.470253,100.176903,58.000439,65.803833,35.811096,84.125511,129.992935,82.165672,20.508072,102.826965,19.151541,3.81041,114.127892,22.626066
"17","2016-05-01",2096.949951,22.943985,47.738503,11.447238,19.8466,92.673698,122.941353,37.442501,118.809998,93.608437,42.759998,36.625778,27.309372,36.1395,14.882,112.177208,82,102.741371,101.861305,61.391823,67.104683,35.65123,82.662918,130.940704,79.935463,17.648458,96.173767,15.953927,2.641077,111.585449,19.865494
"18","2016-06-01",2098.860107,22.098934,46.412552,11.548203,21.05891,93.053192,123.769714,35.176498,114.279999,92.287621,43.27,40.180424,28.124771,35.780998,14.152,108.977303,79.529999,101.293594,98.492516,63.798439,70.110466,36.234753,86.560379,138.219589,82.165688,18.688911,98.388603,17.808769,3.400471,111.116104,20.611191
"19","2016-07-01",2173.600098,24.089222,51.410263,14.026855,23.140467,102.817162,129.417343,39.567001,123.940002,90.523369,46.34,39.871014,29.013512,37.940498,15.652667,117.981194,82.480003,99.757278,109.928642,63.754738,70.872253,35.143303,89.662575,147.179581,79.50946,19.428352,102.718414,18.673605,3.864172,117.62928,19.854891
"20","2016-08-01",2170.949951,24.526117,52.117741,15.068427,23.940138,99.937683,140.954559,39.4925,126.120003,89.765007,46.34,38.034904,28.274242,38.458,14.134,114.465004,97.190002,98.069923,118.823402,62.417984,72.863037,34.98222,87.876251,142.664368,81.330627,19.63121,107.566101,17.165834,3.541597,122.510185,19.725019
"21","2016-09-01",2168.27002,26.274252,52.570354,16.863249,25.481171,102.779655,137.838577,40.202999,128.270004,88.244545,46.720001,37.780521,28.742155,41.865501,13.602,110.385391,105.790001,98.575729,114.321846,63.443443,74.899284,34.08812,90.172462,134.593292,81.76593,22.877466,106.499603,19.267385,3.696165,118.353554,20.130453
"22","2016-10-01",2126.149902,26.388132,54.687778,17.512966,25.905993,99.065392,136.459152,40.494999,130.990005,88.082993,49.73,34.960426,26.783842,39.491001,13.182,104.663681,101.690002,96.191681,115.660004,61.596088,72.437416,34.43158,88.870857,130.498398,84.990723,23.121758,103.807442,20.10384,4.650446,113.541168,21.730173
"23","2016-11-01",2198.810059,25.686245,54.998085,22.691053,24.731476,96.729919,136.627472,38.793999,118.419998,94.193398,54.209999,36.682343,30.24094,37.5285,12.626667,111.003029,94.019997,101.916847,118.529999,61.956764,69.346848,32.766838,82.984833,132.475204,69.832809,24.785574,106.680641,21.869059,5.705534,123.71302,25.128624
"24","2016-12-01",2238.830078,27.056236,57.097042,26.308781,23.948463,105.237045,141.660126,39.622501,115.050003,99.039909,57.509998,39.240547,30.040802,37.4935,14.246,115.628387,87.809998,104.819214,117.199997,60.804371,70.709236,33.952873,87.381973,141.735336,68.186531,23.623545,103.922729,22.186335,5.120868,123.164902,24.492214
"25","2017-01-01",2278.870117,28.348074,59.403366,26.910177,25.747728,113.866104,160.789505,41.009499,130.320007,105.960686,62.27,36.028076,32.941387,41.174,16.795334,118.646751,101.309998,105.55117,115.75,59.130901,73.669464,34.042953,86.672112,145.134659,67.309715,27.261488,105.694122,25.837908,6.88234,120.401497,29.415194
"26","2017-02-01",2363.639893,32.001671,58.787724,25.012316,26.214197,114.138123,170.001648,42.246498,135.539993,105.424408,62.529999,36.873917,32.688053,42.251999,16.666,124.968002,102.900002,109.925827,113.150002,62.843197,77.194611,34.362335,92.18412,156.846375,72.060661,24.970442,105.935043,23.95155,6.997272,121.013145,28.111599
"27","2017-03-01",2362.719971,33.705318,60.882042,26.882444,27.355391,124.558624,176.473557,42.389999,142.050003,108.584557,64.589996,36.220112,32.836563,44.327,18.553333,126.623787,107.830002,112.435211,108.620003,63.862095,76.160507,34.755424,93.420135,148.845245,79.200531,23.980076,105.836884,24.124594,6.422616,116.550644,27.580118
"28","2017-04-01",2384.199951,33.702976,63.285519,25.739824,27.54698,123.667618,178.771667,46.226002,150.25,110.700897,67.269997,34.11005,34.234222,46.2495,20.938,135.437378,115.5,121.387657,108.139999,67.098396,74.024467,35.648762,95.255882,157.570587,80.560493,24.008013,112.275169,23.614584,5.800636,121.885521,27.180513
"29","2017-05-01",2411.800049,35.840359,64.561218,35.623619,29.454533,125.028008,193.887207,49.3545,151.460007,103.365524,67.419998,35.065884,36.571812,49.730999,22.733999,133.190186,122.459999,130.89534,107.540001,70.150764,75.24041,37.56546,98.274666,160.15358,84.407776,23.664078,118.842056,23.905169,5.84856,124.9739,26.865444
"30","2017-06-01",2423.409912,33.929268,64.085228,35.713028,29.121328,123.43663,188.681396,46.484001,150.979996,101.747154,60.619999,33.577236,34.141872,48.400002,24.107332,133.863861,140.899994,132.864548,105.019997,67.996674,74.437553,37.05323,97.781235,148.123535,88.660431,24.001268,119.075638,25.091234,6.114085,124.106392,26.704466
"31","2017-07-01",2470.300049,35.038876,67.590256,40.147499,30.930317,142.400665,200.55072,47.275002,169.25,105.271194,61.66,36.38913,35.628868,49.389,21.564667,130.547836,154.949997,135.425827,112.839996,71.86911,77.572197,38.182796,98.7295,146.808365,90.950409,28.094767,117.606926,28.097916,7.008489,124.131134,30.336527
"32","2017-08-01",2471.649902,38.636295,69.514763,41.859535,31.799053,148.065231,204.949417,47.762001,171.970001,97.632103,64.709999,36.538837,35.769802,49.029999,23.726667,130.783463,171.740005,139.642044,112.980003,70.14402,79.42897,37.941238,97.984451,145.169037,90.211136,29.33563,118.853828,29.106075,7.735191,126.942955,31.385279
"33","2017-09-01",2519.360107,36.451267,69.623405,44.203358,32.297935,162.169846,197.200897,48.686001,170.869995,95.094818,61.66,37.696625,33.893677,48.067501,22.74,143.57402,172.710007,137.581573,119.169998,70.648544,78.31852,37.491436,95.004005,152.648163,86.127014,27.332714,126.262985,28.651695,7.036438,132.051437,30.77165
"34","2017-10-01",2575.26001,39.980038,77.745697,51.136646,36.409355,171.21611,215.453278,51.652,180.059998,94.361618,59.77,36.462662,31.735682,55.264,22.101999,145.522705,184.889999,146.564621,124,78.939377,74.324265,38.60416,93.980888,149.665665,79.112793,28.180307,132.822006,29.100994,6.840789,139.220703,33.240509
"35","2017-11-01",2647.580078,40.644634,78.670998,49.62833,34.061199,166.262009,226.907135,51.808498,177.179993,101.124481,61.07,39.228031,33.203876,58.837502,20.59,157.847168,177.080002,151.007828,126.339996,87.908333,78.046783,38.427849,99.343689,171.361038,81.114304,28.572277,139.912155,29.082779,7.476653,143.260803,32.543968
"36","2017-12-01",2673.610107,40.168858,80.353035,47.878792,34.104202,164.651672,209.730331,52.669998,176.460007,103.719635,63.509998,40.800545,35.423954,58.473499,20.756666,167.213486,172.429993,152.040512,127.169998,89.282608,79.685959,38.83601,102.951767,173.444427,85.327477,31.625484,140.602936,32.136776,8.545746,144.174667,36.930885
"37","2018-01-01",2823.810059,39.741604,89.248795,60.819679,38.972546,192.254623,203.831314,59.111,186.889999,105.682114,65.099998,41.679314,37.617489,72.544502,23.620667,177.24472,204.289993,151.174896,137.919998,96.887955,74.881203,40.283463,103.278038,181.598511,88.635155,33.709091,147.55275,34.067532,9.244101,148.802933,37.787029
"38","2018-02-01",2713.830078,42.279007,88.083977,59.879414,37.286682,185.083939,202.541092,55.195999,178.320007,100.323608,60.610001,37.219036,32.154346,75.622498,22.870667,160.808304,186.139999,139.338165,134.600006,81.809418,68.618195,36.584396,94.203629,177.898895,83.873558,31.976196,136.825958,33.217518,9.696066,142.103821,41.040367
"39","2018-03-01",2640.870117,39.987049,86.13829,57.339226,37.639328,188.0867,193.65741,51.856998,159.789993,97.678398,61.040001,37.28141,30.342827,72.366997,17.742001,157.252853,183.539993,139.010681,130.369995,80.864182,69.282364,36.76215,93.705704,176.067001,83.082977,30.552736,131.846313,31.286749,8.982807,140.548386,42.442741
"40","2018-04-01",2648.050049,39.386459,88.26181,55.682861,33.072048,178.509979,191.300247,50.929001,172,97.571419,60.509998,38.47422,27.874201,78.306503,19.593332,163.970215,178.539993,148.842239,130.979996,80.87999,63.217533,36.898804,87.297821,184.224213,87.835503,32.937458,140.113724,34.494987,9.884056,144.433929,41.36953
"41","2018-05-01",2705.27002,44.536766,93.282677,62.439575,33.287071,187.927399,210.186783,55,191.779999,96.735069,55.700001,37.632088,27.845562,81.481003,18.982,165.52298,198.009995,142.237503,127.970001,75.467247,64.534576,36.719479,86.70108,185.233353,75.713356,35.072224,143.549484,35.593555,9.712657,143.650757,38.29874
"42","2018-06-01",2718.370117,44.287437,93.469002,58.690201,31.446398,189.188873,202.323639,56.459499,194.320007,101.928238,59.75,39.716187,29.301247,84.989998,22.863333,174.078445,185.529999,139.286285,128.809998,78.804138,68.84745,37.453865,95.022018,195.83812,80.413124,35.234272,145.285751,34.827698,9.155607,138.595734,36.92907
"43","2018-07-01",2816.290039,45.526749,100.549545,60.662239,36.742405,204.507813,187.401108,61.361,172.580002,110.437653,60,40.766125,31.953629,88.872002,19.875999,176.237701,187.229996,140.931412,131.839996,82.097984,71.334648,40.173923,100.372322,204.956253,89.893425,36.819496,154.675186,34.840248,10.469674,147.14444,38.890945
"44","2018-08-01",2901.52002,54.460323,106.473724,69.536385,38.873299,195.954803,185.08577,61.59,175.729996,109.815697,66.040001,43.41888,33.22665,100.635498,20.110666,179.137497,175.009995,145.126968,124.080002,88.198051,73.82431,38.399136,97.762634,218.469437,87.823326,33.846317,146.077988,30.150938,9.42699,149.044571,34.384136
"45","2018-09-01",2913.97998,54.197552,108.824554,69.658676,39.372589,179.680222,208.492935,60.354,164.460007,114.638893,70.18,42.636269,31.8074,100.150002,17.651333,185.777512,164.759995,150.587769,124.349998,86.905754,74.073532,39.794842,97.579346,220.655777,90.653679,35.114502,149.174316,32.830845,10.90742,149.725769,34.28466
"46","2018-10-01",2711.73999,52.545742,101.631119,52.260124,33.969555,164.714798,190.272507,54.528999,151.789993,112.570412,68.550003,45.591022,34.259647,79.900497,22.488001,157.73378,142.279999,159.238297,117.050003,92.800636,78.92395,41.601727,98.896889,214.784286,77.921684,33.435276,153.573532,31.717606,11.098521,139.251801,30.469963
"47","2018-11-01",2760.169922,42.874985,105.513275,40.5107,33.514843,163.749619,202.123596,55.482498,140.610001,113.217415,68.449997,48.688068,35.22958,84.508499,23.365334,161.715652,160.860001,169.689178,121.480003,90.366798,84.855797,43.791298,107.309906,217.273804,79.460503,32.117561,147.615097,30.089573,10.069519,145.134018,26.607573
"48","2018-12-01",2506.850098,38.003685,97.062675,33.124832,32.908569,148.717331,216.486145,52.248001,131.089996,107.49234,63.610001,45.393764,30.750248,75.098503,22.186666,155.014435,137.070007,160.827164,116.080002,86.202446,82.53035,41.466549,97.224846,191.828339,79.483795,34.962963,144.821518,31.196383,9.694668,144.394226,24.70332
"49","2019-01-01",2704.100098,40.099739,99.795776,35.668125,33.541592,167.266388,230.786346,56.294498,166.690002,110.173538,69.620003,44.457138,33.209732,85.936501,20.468,165.579056,168.490005,161.92305,123.169998,89.166504,86.615578,42.149635,99.939384,202.111404,84.074539,37.062618,152.089935,36.209167,9.143416,149.331879,26.991398
"50","2019-02-01",2784.48999,41.716351,107.05851,38.275925,34.81657,174.758621,236.903351,56.327499,161.449997,111.477608,72.209999,46.438614,35.116756,81.991501,21.325333,167.031601,183.029999,166.505966,121.040001,92.106758,89.182945,39.70631,102.573807,205.981674,83.714317,39.943535,161.634659,37.451103,9.172817,164.583923,28.589052
"51","2019-03-01",2834.399902,45.960182,113.187569,44.59943,36.519501,179.708847,258.712982,58.844501,166.690002,109.689461,69.099998,48.241657,36.306393,89.037498,18.657333,173.121353,182.449997,173.089615,118.019997,90.748283,94.160187,41.037445,109.584511,228.632721,85.238403,41.280025,164.14444,37.86937,9.599117,173.468094,32.694027
"52","2019-04-01",2945.830078,48.553993,125.337463,44.957104,39.069443,199.557602,276.379456,59.948002,193.399994,135.316269,72.989998,46.658897,39.530197,96.325996,15.912667,185.144714,185.570007,180.080612,123.599998,96.203941,96.359207,43.339149,114.502625,231.833618,90.143219,40.82494,169.059021,40.818642,9.393317,188.08696,31.655855
"53","2019-05-01",2752.060059,42.359833,118.696281,33.64579,34.192455,181.812546,218.430023,55.325001,177.470001,130.445786,73.440002,44.798714,37.427654,88.753502,12.344,172.55629,149.259995,180.718658,117.580002,94.894287,93.785965,43.40099,114.457924,226.21553,85.958885,40.02309,169.330978,40.146412,9.165468,186.076187,27.791565
"54","2019-06-01",2941.76001,48.073013,129.037979,40.838295,34.923553,201.033157,249.869888,54.139999,193,137.954041,74.139999,47.090164,38.596119,94.681503,14.897333,189.025757,169.449997,190.38588,123.989998,103.909355,99.928383,44.982258,117.256767,250.192657,90.06855,44.803349,189.225449,43.202614,9.878418,206.896591,32.362881
"55","2019-07-01",2980.379883,51.745522,131.263062,41.9548,39.244282,215.419601,254.132172,60.91,194.229996,141.283356,79.730003,45.557037,39.408577,93.338997,16.107332,195.587082,173.110001,193.19136,129.050003,103.805923,107.574539,46.855797,115.124794,260.957397,84.436356,42.35154,180.254196,39.557354,9.547668,209.721603,29.813839
"56","2019-08-01",2926.459961,50.701103,132.794647,41.653927,39.244282,215.226242,247.691055,59.526501,185.669998,136.442535,78.050003,48.443764,40.603252,88.814499,15.040667,208.602417,175.029999,199.838257,130.630005,107.454826,110.279961,49.001392,123.159462,279.069061,85.050781,37.902817,178.020828,35.05275,8.085015,207.562592,26.323477
"57","2019-09-01",2976.73999,54.607025,134.367599,43.328011,42.788517,240.180161,241.933395,61.056999,178.080002,129.543869,78.769997,50.27623,41.355499,86.795502,16.058001,212.364197,167.229996,197.89032,134.490005,112.160995,114.086502,48.467216,123.492783,273.376434,85.255577,38.072433,183.408722,37.647144,8.452517,203.832443,28.786858
"58","2019-10-01",3037.560059,60.651173,138.562057,50.036175,47.871738,253.280746,259.000061,62.939999,191.649994,129.146255,82.660004,50.367855,41.116989,88.833,20.994667,216.018478,176.669998,181.291138,138.550003,110.818985,114.20575,48.812603,124.409645,281.916168,82.872368,38.914318,187.792297,37.589325,8.628917,196.964844,30.009855
"59","2019-11-01",3140.97998,65.159302,146.303467,53.949059,49.225468,261.643829,279.659943,65.204498,201.639999,150.677261,78.550003,50.698376,40.691898,90.040001,21.996,203.061783,200,179.245056,140.210007,112.548454,112.673683,47.888901,123.19429,285.096161,84.650475,40.998871,195.233917,39.432297,8.643616,218.272064,32.076298
"60","2019-12-01",3230.780029,71.810921,152.93013,58.612068,53.870777,287.366486,279.491821,66.969498,205.25,143.768646,78.419998,51.674637,41.447666,92.391998,27.888666,201.100327,212.100006,183.297058,140.539993,112.31218,115.295296,50.00843,123.956177,279.495209,88.736839,43.528973,201.567825,42.901413,9.702019,217.034439,36.211117
"61","2020-01-01",3225.52002,75.689423,165.081146,58.893551,50.36298,272.529144,272.620972,71.639,201.910004,138.309998,79.190002,50.025085,39.807091,100.435997,43.371334,211.394669,206.589996,198.472092,138.839996,108.686455,115.036819,52.764103,129.710709,290.525879,84.661942,40.6647,193.13739,38.615604,8.849192,221.562347,32.119457
"62","2020-02-01",2954.219971,66.849091,157.109726,67.273117,50.269608,268.693573,243.550629,66.962502,192.470001,117.650002,90.160004,46.055771,37.439281,94.1875,44.532665,201.886093,208,180.106216,130.75,102.221664,105.143684,48.327934,120.586555,267.342377,76.418274,34.458782,181.613617,33.917847,7.408276,203.834366,28.684177
"63","2020-03-01",2584.590088,62.333183,153.357559,65.700745,44.620819,254.060165,211.81813,58.0975,166.800003,96.599998,83.900002,45.690105,31.836815,97.486,34.933334,173.035934,194.479996,154.333435,119.949997,107.860565,102.144363,39.979637,109.690559,271.708282,56.813728,29.191702,164.489578,32.9277,6.254033,185.271072,24.004353
"64","2020-04-01",2912.429932,72.01812,174.264236,72.849045,50.077335,280.074036,246.781921,67.334999,204.710007,108.150002,87.800003,48.85347,35.073704,123.699997,52.125332,205.093369,202.669998,175.063705,123.589996,115.899155,109.452332,41.824997,121.639854,288.737091,60.400391,33.312229,175.762482,35.025162,6.223856,210.742859,27.970039
"65","2020-05-01",3044.310059,77.935478,178.192703,88.486626,47.43821,321.584106,264.63504,71.676003,225.089996,117.300003,100.040001,49.318699,36.909878,122.1185,55.666668,231.822769,207.389999,173.906311,126.010002,118.292458,108.359444,42.545013,120.959427,294.621216,63.57391,38.569466,193.291901,40.8867,7.363012,225.755875,31.298164
"66","2020-06-01",3100.290039,89.664162,198.444717,94.690331,53.508186,359.17749,286.749298,70.902496,227.070007,111.510002,104.150002,47.384808,36.332001,137.940994,71.987335,233.71669,215.699997,173.32756,125.629997,114.713852,111.771378,40.722176,121.612267,289.59729,58.222103,40.723137,202.625031,42.600422,7.777934,225.578384,34.49371
"67","2020-07-01",3271.120117,104.470558,199.907394,105.87484,74.913132,345.211761,290.749939,74.397499,253.669998,116.940002,107.379997,49.404663,40.12952,158.233994,95.384003,249.171478,251.020004,182.544983,119.339996,123.926941,122.568054,43.446564,127.560043,310.915253,57.752644,43.269867,235.253311,46.285686,8.781296,269.289673,37.910984
"68","2020-08-01",3500.310059,126.866928,219.916656,133.401428,75.255005,365.179596,318.654602,81.476501,293.200012,131.869995,116.68,51.515263,42.014107,172.548004,166.106674,267.519867,287.029999,200.622879,132.429993,132.977234,130.123795,45.552673,129.78392,332.765991,54.766899,45.087791,239.697098,46.42976,8.298475,274.57901,41.718567
"69","2020-09-01",3363,114.065018,205.590759,134.957428,76.983261,360.387665,334.415222,73.279999,261.899994,124.080002,114.360001,51.706478,43.373634,157.436493,143.003326,260.640411,293.980011,207.438812,132.440002,134.543304,130.744659,45.405521,128.431046,339.791443,53.362316,42.344524,228.554001,46.918552,7.981625,279.84024,39.609581
"70","2020-10-01",3269.959961,107.219742,197.907883,125.05545,80.053299,352.521576,323.856995,80.805496,263.109985,121.25,109.57,49.533573,39.604458,151.807495,129.346664,251.63652,304.690002,201.305161,131.289993,133.427795,128.966797,44.55851,124.398758,342.299194,51.064098,40.180481,212.274979,44.106079,8.315516,260.717072,45.79557
"71","2020-11-01",3621.629883,117.256203,209.246506,133.710739,92.604881,427.201019,371.977478,87.720001,276.970001,148.009995,132.940002,53.065151,47.343014,158.401993,189.199997,261.731873,263.359985,205.501373,134.460007,146.92923,131.357101,47.840591,134.609009,375.706818,68.51915,46.594658,247.034363,50.476875,11.454488,264.39798,51.946564
"72","2020-12-01",3756.070068,130.916153,217.977539,130.253632,104.077873,477.835266,405.573792,87.632004,273.160004,181.179993,134.850006,51.606983,49.378456,162.846497,235.223328,250.60817,232.729996,204.003754,154.570007,138.620651,131.612503,51.24321,138.407532,361.331421,72.956551,54.570621,253.864853,58.440365,13.185247,257.866852,57.499081
"73","2021-01-01",3714.23999,130.195908,227.327011,129.640884,116.479332,523.334045,420.846954,91.367996,258.329987,168.169998,126.080002,48.093311,46.711639,160.309998,264.51001,256.907471,253.830002,197.595917,140.520004,135.594864,121.273819,44.991985,128.368011,346.832733,65.523216,55.773281,237.300339,59.372673,12.705355,253.020447,58.638123
"74","2021-02-01",3811.149902,119.638947,227.738586,136.874069,120.715996,555.596619,438.941956,101.095497,257.619995,189.039993,119.970001,49.096474,49.907257,154.6465,225.166672,245.068604,237.759995,195.979736,147.929993,125.393166,117.551796,45.776886,121.431236,325.743103,65.956497,63.398464,236.207672,67.90332,13.295386,242.454224,62.982334
"75","2021-03-01",3972.889893,120.697144,231.593033,133.218796,113.373734,604.847778,433.140686,103.125999,294.529999,184.520004,125.290001,51.626766,51.223099,154.703995,222.643326,289.568726,226.729996,214.403656,156.059998,131.097244,128.875885,49.252903,132.95491,347.566986,72.532898,57.953098,270.893738,60.328293,13.673005,266.849487,60.43634
"76","2021-04-01",4181.169922,129.896423,247.712326,149.850204,112.319214,634.964722,429.503021,117.675003,325.079987,186.020004,132.130005,51.307152,53.154255,173.371002,236.479996,308.966583,230.949997,225.824997,150.770004,135.598892,126.963165,50.859436,136.584137,366.903595,74.622314,60.767651,277.594269,69.144531,16.554134,275.081848,61.807648
"77","2021-05-01",4204.109863,123.127869,245.256638,162.180069,112.915741,661.780029,444.689056,117.842499,328.730011,178.649994,141.449997,50.692562,54.529533,161.153503,208.406662,304.422791,213.960007,223.730133,165.979996,137.65358,129.144989,52.093704,140.165527,373.796417,78.955223,61.895145,291.928436,71.071091,17.706013,285.742615,62.101509
"78","2021-06-01",4297.5,135.560852,266.715149,199.69873,115.609711,678.813965,448.93515,122.0895,347.709991,175.770004,144.830002,50.279762,54.225212,172.007996,226.566666,304.403656,226.779999,222.176437,174.839996,137.211441,129.221588,50.98193,140.383408,390.990662,81.971954,60.826118,280.760193,68.193459,18.767384,274.319,57.801514
"79","2021-07-01",4395.259766,144.369965,280.508728,194.716583,112.653496,753.3927,460.571442,134.726501,356.299988,176.020004,144.020004,50.05542,55.946503,166.379501,229.066666,314.924011,195.190002,233.44928,179.839996,138.700119,136.212769,54.137997,149.788391,424.63797,84.746056,65.611694,299.573151,70.160652,17.631798,278.964844,58.987743
"80","2021-08-01",4522.680176,150.278946,297.216583,223.536133,114.942505,818.538452,471.777374,144.697495,379.380005,181.300003,137.020004,49.909927,57.953831,173.539505,245.240005,312.995209,166.990005,228.399582,174.229996,144.10022,137.223633,53.45451,149.253937,450.94696,84.105873,55.238766,306.590088,61.023758,15.996117,258.337006,56.246838
"81","2021-09-01",4307.540039,140.264313,278.096313,206.906006,107.834038,732.139221,460.125488,133.675995,339.390015,169.169998,127.760002,49.011547,53.417233,164.251999,258.493347,314.991119,148.050003,233.181732,177.75,136.114761,134.727615,49.809238,143.546799,444.868256,84.115578,44.698803,285.919403,58.103222,11.701406,245.492508,51.142357
"82","2021-10-01",4605.379883,148.491821,327.122192,255.356522,110.265022,798.729492,508.171844,148.046005,323.570007,169.070007,115.029999,48.085949,49.119411,168.621506,371.333344,358.527252,164.940002,237.475723,176.570007,145.919571,137.80188,53.915333,155.283356,486.63739,79.721634,45.801239,312.136993,55.016327,11.798244,289.047058,54.64962
"83","2021-11-01",4567,163.856476,326.106171,326.359344,113.610794,777.731567,529.209106,141.897507,324.459991,144.899994,108.809998,46.159431,47.945648,175.3535,381.58667,386.371124,127.529999,236.556976,177.850006,137.335495,140.197952,50.166027,153.53447,534.864075,68.615494,46.92873,311.100433,54.511982,11.464593,277.121124,53.292267
"84","2021-12-01",4766.180176,176.276215,332.365448,293.749359,116.675323,784.314941,636.000854,144.852005,336.350006,154.889999,115.980003,47.711243,48.281406,166.716995,352.26001,400.259277,118.790001,260.692474,185.300003,141.3004,158.622086,57.070827,166.919983,562.947021,75.914825,50.403076,338.764404,58.207569,12.993825,293.33728,57.141121
"85","2022-01-01",4515.549805,173.506546,307.323334,244.589691,119.417191,667.141541,563.568176,135.303497,313.26001,142.970001,108.169998,48.877388,47.955246,149.573502,312.23999,355.400208,125.790001,252.309723,198.449997,137.084442,155.586945,58.805794,167.864105,500.900879,73.482353,53.117409,312.669739,62.085758,14.068919,273.341309,59.159718
"86","2022-02-01",4373.939941,163.916916,295.276703,243.580826,104.206421,656.610229,565.068726,135.057007,211.029999,148.460007,123.209999,49.875168,45.078819,153.563004,290.143341,305.864227,105.190002,238.033752,182.949997,132.525101,151.981354,59.99136,158.402908,514.902649,78.542686,56.61681,287.709503,68.329117,17.136646,228.947098,64.252518
"87","2022-03-01",4530.410156,173.55864,305.314758,272.558777,101.528465,658.009155,605.700134,139.067505,222.360001,137.160004,128.350006,47.338196,45.136669,162.997498,359.200012,289.884888,108.800003,241.812393,180.25,146.016846,148.968826,59.760025,161.924255,571.894226,80.936089,64.517609,313.405579,69.91169,18.526857,242.133591,71.342644
"88","2022-04-01",4131.930176,156.700729,274.823883,185.296829,90.931747,555.39624,536.883606,114.109497,200.470001,111.629997,123.139999,43.026276,38.330498,124.281502,290.253326,292.676758,97.089996,243.650833,171,150.587677,156.524521,62.752441,167.205658,528.067383,73.013435,55.940311,307.304535,65.904045,15.653758,228.247055,58.531048
"89","2022-05-01",4132.149902,147.943802,269.22876,186.54567,93.250786,567.730347,561.810669,113.762001,193.639999,110.440002,133.289993,48.243828,42.928909,120.209503,252.753326,294.966339,96.050003,246.633408,166.369995,126.610191,144.981033,61.557808,163.349533,463.77066,73.111122,59.013775,319.834717,68.053894,16.728853,240.036301,58.070465
"90","2022-06-01",3785.379883,136.096451,254.927261,151.448471,79.992142,472.276764,470.469086,108.962997,161.25,94.400002,134.539993,47.735897,38.042698,106.209999,224.473328,267.218536,113.68,241.421249,154.169998,120.105888,140.971207,61.101318,162.288132,476.762024,66.69825,52.597744,283.239166,56.526245,13.559175,234.497589,47.906803
"91","2022-07-01",4130.290039,161.768814,278.660126,181.498779,87.033455,570.090454,522.869751,116.32,159.100006,106.099998,143.059998,43.446724,36.375175,134.949997,297.149994,295.054596,89.370003,258.973999,162.589996,130.448944,136.186874,62.775387,171.555405,538.456177,61.252892,51.530434,298.586243,56.554047,12.474813,243.678436,47.897182
"92","2022-08-01",3955,156.502945,259.532898,150.830948,81.98732,486.230286,487.356262,108.220001,162.929993,112.080002,143.960007,39.821629,35.322464,126.769997,275.609985,282.779449,95.410004,248.069107,149.369995,130.942886,136.113831,60.368855,168.91774,520.25354,61.974327,51.389999,279.662567,52.161678,11.510934,247.821075,45.271492
"93","2022-09-01",3585.620117,137.760773,231.665237,121.302292,67.439117,413.195129,433.553833,95.650002,135.679993,94.330002,134.169998,36.164253,28.626911,113,265.25,272.308716,79.989998,228.130585,130.289993,128.685455,124.57859,54.802513,160.083054,470.599731,62.013859,46.849255,266.542603,53.329281,12.981631,228.462646,43.813725
"94","2022-10-01",3871.97998,152.852661,230.899323,134.912567,60.886143,469.969055,462.898193,94.510002,93.160004,106.540001,151.559998,35.592785,30.979141,102.440002,227.539993,292.233032,63.580002,269.576508,138.809998,141.21666,132.887115,58.976143,179.243118,499.726379,70.779808,47.82,295.2099,51.673031,12.611284,247.53894,45.894974
"95","2022-11-01",4080.110107,147.559555,253.787338,169.15799,82.085007,604.964966,542.565308,100.989998,118.099998,97.870003,151.460007,37.7519,36.079716,96.540001,194.699997,319.72641,87.559998,269.705048,147.690002,151.227737,148.229858,62.681248,183.122543,538.312927,78.933022,62.799999,334.058289,66.482414,16.080851,306.616119,59.623402
"96","2022-12-01",3839.5,129.731918,239.220825,146.115189,73.686577,545.202087,550.540833,88.230003,120.339996,86.879997,140,38.158672,34.435253,84,123.18,313.589111,88.089996,262.017181,136.580002,140.680878,150.614883,63.125793,178.334961,455.706696,78.120003,62.049999,323.832397,68.961945,16.538912,304.737854,59.569374
"97","2023-01-01",4076.600098,144.070023,247.190857,195.336823,92.249779,659.391235,580.829468,98.839996,148.970001,108.489998,149.309998,40.2603,38.748276,103.129997,173.220001,321.839386,110.199997,265.86496,147.110001,143.28273,141.492142,60.853226,169.872086,510.25177,87.800003,70.150002,329.704559,76.855766,18.268505,318.504822,74.187988
"98","2023-02-01",3970.149902,147.185272,248.796829,232.120575,86.619087,616.375671,590.043152,90.059998,174.940002,99.610001,142.179993,38.178165,36.886406,94.230003,205.710007,294.40802,87.790001,262.394989,135.919998,141.54985,137.559998,59.057003,172.365234,483.338593,91.919998,60.970001,347.069489,67.538155,15.980052,284.190826,72.688644
"99","2023-03-01",4109.310059,164.899994,288.299988,277.722809,92.538269,680.710022,636.955505,103.730003,211.940002,100.129997,144.839996,38.256863,37.620762,103.290001,207.460007,292.99823,102.18,279.609985,141.690002,146.848114,148.690002,61.557819,181.07637,496.869995,95.190002,63.41,354.113098,66.443672,15.432388,285.413116,76.25
